,City,Lat,Lng,Max Temp,Humidity,Cloudiness,Wind Speed,Country,Date
0,narsaq,60.92,-46.05,47.53,68,100,2.48,GL,1598568909
1,kavieng,-2.57,150.8,83.16,72,49,5.26,PG,1598568910
2,hobart,-42.88,147.33,52.0,57,75,18.34,AU,1598568676
3,nanortalik,60.14,-45.24,49.46,71,100,12.75,GL,1598568912
4,kapaa,22.08,-159.32,86.0,58,20,12.75,US,1598568856
5,ushuaia,-54.8,-68.3,37.4,59,40,8.05,AR,1598568914
6,punta arenas,-53.15,-70.92,32.0,92,75,26.4,CL,1598568844
7,rongcheng,30.63,117.85,74.61,87,90,3.38,CN,1598568916
8,pisco,-13.7,-76.22,64.99,77,75,9.17,PE,1598568918
9,waipawa,-41.41,175.52,53.6,76,57,19.46,NZ,1598568919
10,mataura,-46.19,168.86,45.0,72,63,11.01,NZ,1598568920
11,aliwal north,-30.69,26.71,42.49,55,0,5.39,ZA,1598568921
12,cherskiy,68.75,161.3,41.86,92,100,1.25,RU,1598568922
13,bambous virieux,-20.34,57.76,71.6,73,40,2.24,MU,1598568923
14,port alfred,-33.59,26.89,58.14,72,0,13.15,ZA,1598568924
15,petropavlovsk-kamchatskiy,53.05,158.65,53.6,100,90,8.95,RU,1598568925
16,fortuna,40.6,-124.16,64.0,77,1,13.87,US,1598568926
17,bairiki,1.33,172.98,86.0,62,20,11.41,KI,1598568928
18,harlingen,26.19,-97.7,98.6,42,1,12.75,US,1598568915
19,comodoro rivadavia,-45.87,-67.5,55.4,47,40,16.11,AR,1598568930
20,east london,-33.02,27.91,61.95,67,2,16.64,ZA,1598568915
21,hermanus,-34.42,19.23,53.01,88,76,3.0,ZA,1598568932
22,kalengwa,-13.47,25.0,66.13,49,9,4.54,ZM,1598568933
23,busselton,-33.65,115.33,45.0,92,0,1.83,AU,1598568934
24,cape town,-33.93,18.42,55.0,87,75,6.93,ZA,1598568739
25,jamestown,42.1,-79.24,70.0,93,90,11.41,US,1598568936
26,roebourne,-20.78,117.13,75.63,36,0,5.28,AU,1598568938
27,de-kastri,51.47,140.78,61.39,83,97,4.92,RU,1598568939
28,castro,-24.79,-50.01,56.05,78,0,3.06,BR,1598568940
29,albany,42.6,-73.97,64.0,91,100,3.09,US,1598568941
30,ponta do sol,32.67,-17.1,78.01,53,20,24.16,PT,1598568942
31,kahului,20.89,-156.47,89.6,52,40,28.86,US,1598568943
32,roald,62.58,6.13,53.6,81,86,16.11,NO,1598568944
33,ilulissat,69.22,-51.1,41.0,65,2,2.24,GL,1598568945
34,cairns,-16.92,145.77,69.8,77,90,24.16,AU,1598568946
35,port-gentil,-0.72,8.78,78.8,83,75,15.01,GA,1598568948
36,severo-kurilsk,50.68,156.12,52.61,81,95,12.62,RU,1598568949
37,berdigestyakh,62.1,126.7,51.94,46,0,5.1,RU,1598568950
38,tiksi,71.69,128.87,46.22,63,0,6.33,RU,1598568951
39,rikitea,-23.12,-134.97,68.54,61,0,3.96,PF,1598568952
40,jutai,-5.18,-68.9,84.11,53,88,1.01,BR,1598568953
41,kodiak,57.79,-152.41,55.4,76,90,13.87,US,1598568954
42,pangnirtung,66.15,-65.71,46.4,87,20,9.17,CA,1598568955
43,yellowknife,62.46,-114.35,60.8,72,90,11.41,CA,1598568956
44,chuy,-33.7,-53.46,57.54,98,100,5.21,UY,1598568957
45,wysokie mazowieckie,52.92,22.52,61.0,92,46,8.86,PL,1598568958
46,nelson bay,-32.72,152.15,62.01,41,20,17.22,AU,1598568959
47,upernavik,72.79,-56.15,43.16,70,71,7.0,GL,1598568935
48,noumea,-22.28,166.46,71.6,56,71,3.36,NC,1598568916
49,bredasdorp,-34.53,20.04,53.6,93,55,8.05,ZA,1598568935
50,khatanga,71.97,102.5,57.24,74,53,6.29,RU,1598568964
51,raton,36.9,-104.44,84.2,21,40,18.34,US,1598568965
52,coihueco,-36.62,-71.83,55.0,71,90,9.17,CL,1598568966
53,salalah,17.02,54.09,75.2,100,90,3.36,OM,1598568967
54,butaritari,3.07,172.79,82.53,69,100,10.78,KI,1598568968
55,saint peter,13.25,-59.62,84.2,74,20,14.99,BB,1598568969
56,qaanaaq,77.48,-69.36,38.91,86,100,10.29,GL,1598568971
57,sao filipe,14.9,-24.5,78.24,86,100,4.83,CV,1598568972
58,polson,47.69,-114.16,84.99,35,0,1.25,US,1598568973
59,beryslav,46.84,33.43,69.94,64,60,3.78,UA,1598569156
60,vaini,-21.2,-175.2,78.8,74,40,9.17,TO,1598569157
61,quibdo,5.69,-76.66,76.35,86,70,3.15,CO,1598568874
62,mount pleasant,32.79,-79.86,87.01,84,1,9.17,US,1598569159
63,bluff,-46.6,168.33,45.0,72,75,11.01,NZ,1598569160
64,leh,34.17,77.58,54.32,46,99,6.49,IN,1598569161
65,thompson,55.74,-97.86,68.0,72,75,5.82,CA,1598568940
66,oktyabrskoye,43.06,44.74,57.2,87,28,6.71,RU,1598569164
67,kichmengskiy gorodok,59.98,45.79,51.69,94,58,2.1,RU,1598569165
68,ulladulla,-35.35,150.47,55.4,43,20,10.29,AU,1598569166
69,talnakh,69.49,88.4,50.0,93,40,4.47,RU,1598569167
70,santa cruz del sur,20.71,-78.0,86.04,70,6,4.97,CU,1598569168
71,mao,39.89,4.27,75.2,94,18,5.82,ES,1598569169
72,airai,-8.93,125.41,62.19,67,3,5.95,TL,1598568966
73,viedma,-40.81,-63.0,54.0,50,59,4.0,AR,1598569171
74,saskylakh,71.92,114.08,58.24,55,63,1.68,RU,1598568943
75,chokurdakh,70.63,147.92,39.72,77,100,8.5,RU,1598569174
76,georgetown,5.41,100.34,80.6,94,20,3.56,MY,1598569175
77,kruisfontein,-34.0,24.73,54.07,76,0,17.6,ZA,1598569176
78,wanning,18.8,110.4,78.93,85,44,3.42,CN,1598569177
79,saint-philippe,-21.36,55.77,68.0,60,35,4.7,RE,1598569178
80,barrow,71.29,-156.79,39.2,83,90,17.22,US,1598569121
81,takhtamygda,54.1,123.57,49.5,67,6,6.38,RU,1598569181
82,srandakan,-7.94,110.25,71.4,89,2,3.33,ID,1598569182
83,hilo,19.73,-155.09,86.0,55,1,9.17,US,1598569183
84,deputatskiy,69.3,139.9,39.97,71,0,3.4,RU,1598569184
85,kyren,51.68,102.14,53.15,81,98,0.45,RU,1598569185
86,rapar,23.57,70.63,80.37,86,95,12.68,IN,1598568959
87,new norfolk,-42.78,147.06,51.01,77,60,4.0,AU,1598569187
88,arraial do cabo,-22.97,-42.03,68.0,94,0,5.82,BR,1598569188
89,orastie,45.83,23.2,55.4,87,49,2.24,RO,1598569189
90,souillac,-20.52,57.52,71.6,73,40,2.24,MU,1598568939
91,krasnoarmeysk,51.02,45.7,68.0,59,76,4.0,RU,1598569192
92,pathein,16.78,94.73,77.99,90,100,4.72,MM,1598569193
93,tigil,57.8,158.67,48.33,84,100,4.56,RU,1598569194
94,tasiilaq,65.61,-37.64,33.8,73,99,9.17,GL,1598568949
95,shingu,33.73,135.98,84.2,74,40,2.24,JP,1598569196
96,usogorsk,63.41,48.69,48.07,90,64,5.28,RU,1598569197
97,mahon,39.89,4.27,75.2,94,18,5.82,ES,1598569177
98,tuktoyaktuk,69.45,-133.04,46.4,65,75,12.75,CA,1598569199
99,ponta delgada,37.73,-25.67,75.2,78,20,4.7,PT,1598569200
100,kandrian,-6.22,149.55,78.67,85,100,13.33,PG,1598569202
101,old town,44.93,-68.65,66.2,39,75,5.82,US,1598569203
102,los llanos de aridane,28.66,-17.92,78.8,69,4,14.99,ES,1598569206
103,kolosovka,56.47,73.61,52.16,91,76,4.94,RU,1598569207
104,flinders,-34.58,150.86,57.99,51,0,4.0,AU,1598569009
105,ravar,31.27,56.81,63.5,27,0,1.66,IR,1598569209
106,husavik,66.04,-17.34,48.2,70,90,18.34,IS,1598569210
107,puerto ayora,-0.74,-90.35,66.99,89,72,5.01,EC,1598569212
108,petropolis,59.89,30.26,53.6,93,90,4.47,RU,1598569213
109,zhangye,38.93,100.45,63.21,32,56,3.22,CN,1598569214
110,faya,18.39,42.45,68.0,93,81,7.49,SA,1598568975
111,kalmunai,7.42,81.82,78.33,79,50,3.85,LK,1598569217
112,tura,25.52,90.22,73.98,90,28,5.84,IN,1598569218
113,igrim,63.19,64.42,55.35,97,86,7.56,RU,1598569219
114,angoram,-4.06,144.07,82.72,76,20,2.55,PG,1598569220
115,longyearbyen,78.22,15.64,37.4,69,75,13.87,SJ,1598568958
116,caravelas,-17.71,-39.25,71.67,85,0,7.83,BR,1598569222
117,verkhoyansk,67.54,133.38,51.15,45,0,1.21,RU,1598569223
118,chiang khong,20.26,100.4,75.2,100,44,2.24,TH,1598569224
119,bandarbeyla,9.49,50.81,76.41,76,69,27.96,SO,1598569226
120,ville-marie,47.33,-79.43,55.4,93,90,5.82,CA,1598569086
121,orcopampa,-15.27,-72.34,51.62,46,3,7.31,PE,1598569228
122,benalla,-36.55,145.98,46.99,81,40,1.12,AU,1598569229
123,rzhev,56.26,34.33,55.98,97,100,4.68,RU,1598569230
124,muzhi,65.37,64.67,54.75,82,100,7.29,RU,1598569231
125,boende,-0.22,20.87,70.88,97,95,3.0,CD,1598569232
126,constitucion,-35.33,-72.42,48.4,76,7,5.21,CL,1598569234
127,cadiz,36.5,-5.75,75.99,63,0,3.0,ES,1598569235
128,kuzhorskaya,44.68,40.31,63.28,87,57,4.52,RU,1598569236
129,dalnerechensk,45.93,133.72,71.38,92,97,9.19,RU,1598569237
130,avarua,-21.21,-159.78,77.0,57,45,10.29,CK,1598568966
131,bethel,41.37,-73.41,71.6,88,90,8.05,US,1598569079
132,mackay,-21.15,149.2,70.0,82,40,12.75,AU,1598569240
133,shelburne,44.08,-80.2,73.99,78,90,11.41,CA,1598569241
134,azoyu,16.72,-98.73,77.99,90,100,5.57,MX,1598569243
135,cabo san lucas,22.89,-109.91,93.99,55,20,8.05,MX,1598568979
136,lompoc,34.64,-120.46,66.99,63,1,13.87,US,1598569191
137,kedrovyy,56.17,91.82,48.2,100,52,2.24,RU,1598569246
138,skibotn,69.39,20.27,44.6,75,75,10.29,NO,1598569247
139,chapada dos guimaraes,-15.46,-55.75,96.8,26,40,4.7,BR,1598569248
140,storsteinnes,69.24,19.23,44.6,100,95,14.99,NO,1598569249
141,dunkirk,51.05,2.37,63.0,85,89,5.01,FR,1598569251
142,sheregesh,52.92,87.99,49.39,93,100,3.15,RU,1598569252
143,lukovetskiy,64.3,41.92,50.0,87,75,4.47,RU,1598569253
144,port hardy,50.7,-127.42,59.0,87,40,4.7,CA,1598569254
145,moose factory,51.26,-80.61,51.8,81,90,4.7,CA,1598569255
146,norman wells,65.28,-126.83,57.2,71,75,8.05,CA,1598569257
147,puerto carreno,6.19,-67.49,80.94,83,100,3.76,CO,1598569258
148,mahebourg,-20.41,57.7,71.6,73,40,2.24,MU,1598568984
149,alofi,-19.06,-169.92,78.8,57,40,13.87,NU,1598569171
150,xiuyan,40.29,123.27,71.53,96,100,1.12,CN,1598569261
151,luebo,-5.35,21.42,67.01,91,100,1.21,CD,1598569262
152,lagoa,39.05,-27.98,74.25,88,100,5.1,PT,1598569196
153,atuona,-9.8,-139.03,78.87,74,65,18.16,PF,1598569264
154,guerrero negro,27.98,-114.06,86.41,51,0,16.4,MX,1598569136
155,yatou,37.15,122.38,73.56,94,85,5.28,CN,1598569267
156,santiago del estero,-27.8,-64.26,57.33,63,54,5.01,AR,1598569268
157,nioro,13.35,-15.75,75.52,95,100,5.88,GM,1598569269
158,olafsvik,64.89,-23.71,51.64,84,100,13.56,IS,1598569025
159,ribeira grande,38.52,-28.7,74.93,87,95,11.21,PT,1598569271
160,hays,30.05,-98.03,97.0,42,61,4.0,US,1598569272
161,umarkot,25.36,69.74,83.32,79,5,9.8,PK,1598569273
162,mar del plata,-38.0,-57.56,55.99,71,0,5.82,AR,1598569042
163,broken hill,-31.95,141.43,50.0,81,90,5.82,AU,1598569061
164,vostok,46.49,135.88,62.02,100,100,4.07,RU,1598569130
165,bengkulu,-3.8,102.27,74.73,82,50,3.76,ID,1598569278
166,coquimbo,-29.95,-71.34,55.4,71,40,9.17,CL,1598569279
167,lata,40.16,-8.33,69.01,89,35,1.99,PT,1598569280
168,college,64.86,-147.8,64.0,55,75,3.38,US,1598569281
169,saint-joseph,-21.37,55.62,68.0,60,17,4.7,RE,1598568992
170,tautira,-17.73,-149.15,84.2,62,75,6.93,PF,1598569280
171,nuuk,64.18,-51.72,48.2,76,75,1.12,GL,1598569284
172,hamilton,39.18,-84.53,82.99,74,1,3.36,US,1598569103
173,nyurba,63.28,118.33,50.04,53,30,1.23,RU,1598569286
174,antofagasta,-23.65,-70.4,57.2,76,40,20.8,CL,1598569168
175,clyde river,70.47,-68.59,51.8,71,75,2.24,CA,1598569289
176,blythe,33.61,-114.6,113.0,9,1,5.86,US,1598569203
177,bardiyah,31.76,25.09,75.47,84,0,10.98,LY,1598569291
178,nouakchott,18.09,-15.98,84.2,79,20,11.41,MR,1598569292
179,faanui,-16.48,-151.75,77.41,79,2,15.66,PF,1598569293
180,burnie,-41.07,145.92,55.99,52,33,15.01,AU,1598569294
181,klaksvik,62.23,-6.59,50.0,81,32,10.29,FO,1598569296
182,hualmay,-11.1,-77.61,63.14,81,33,10.89,PE,1598569297
183,muscatine,41.47,-91.13,91.4,46,1,10.29,US,1598569108
184,vrangel,42.73,133.08,72.5,91,93,7.96,RU,1598569299
185,fengkou,30.08,113.27,73.47,85,0,4.65,CN,1598569300
186,axim,4.87,-2.24,75.81,86,29,9.08,GH,1598569301
187,ostrovnoy,68.05,39.51,46.09,79,100,23.67,RU,1598569302
188,komsomolskiy,40.43,71.72,62.6,82,0,0.47,UZ,1598569303
189,coahuayana,18.73,-103.68,71.6,83,90,6.42,MX,1598569304
190,raga,8.46,25.68,70.68,92,79,2.71,SS,1598569306
191,hami,42.8,93.45,71.89,23,80,13.96,CN,1598569307
192,ca mau,9.18,105.15,79.0,88,100,4.54,VN,1598569308
193,portland,45.52,-122.68,84.0,28,20,16.11,US,1598569015
194,anage,-14.61,-41.14,72.95,59,23,7.49,BR,1598569310
195,ambilobe,-13.2,49.05,64.71,86,70,4.29,MG,1598569311
196,champerico,14.3,-91.92,77.0,88,90,4.7,GT,1598569312
197,port blair,11.67,92.75,81.39,72,100,6.49,IN,1598569313
198,sitka,57.05,-135.33,59.0,62,90,13.87,US,1598569142
199,grindavik,63.84,-22.43,48.2,81,75,10.29,IS,1598569315
200,muros,42.78,-9.06,66.0,93,70,1.01,ES,1598569196
201,varkkallai,8.73,76.71,80.6,83,20,5.82,IN,1598569317
202,camana,-16.62,-72.71,61.66,81,79,7.96,PE,1598569319
203,poum,-20.23,164.02,68.85,80,96,10.92,NC,1598569320
204,alaca,40.17,34.84,60.39,63,27,4.0,TR,1598569321
205,skelleftea,64.75,20.95,43.0,100,18,4.7,SE,1598569322
206,bilibino,68.05,166.44,43.25,76,100,2.73,RU,1598569323
207,solnechnyy,50.72,136.63,58.91,85,100,7.23,RU,1598569324
208,ayan,56.45,138.17,52.2,87,94,3.98,RU,1598569325
209,malpura,26.28,75.38,80.04,74,7,7.78,IN,1598569326
210,aklavik,68.22,-135.01,42.8,70,90,3.36,CA,1598569327
211,muridke,31.8,74.26,75.2,88,40,4.7,PK,1598569328
212,lorengau,-2.02,147.27,84.85,69,2,6.78,PG,1598569330
213,hanmer springs,-42.52,172.82,49.48,57,31,7.29,NZ,1598569331
214,nikolskoye,59.7,30.79,53.6,93,90,4.47,RU,1598569332
215,changli,39.7,119.15,69.44,84,66,3.69,CN,1598569333
216,port elizabeth,-33.92,25.57,59.0,72,0,18.34,ZA,1598569334
217,maniitsoq,65.42,-52.9,48.65,66,100,5.61,GL,1598569335
218,lebanon,36.21,-86.29,86.0,70,1,4.7,US,1598569336
219,ancud,-41.87,-73.82,46.0,100,90,6.93,CL,1598569338
220,ashland,40.82,-82.27,87.8,58,1,19.46,US,1598569092
221,acajutla,13.59,-89.83,78.8,100,40,2.24,SV,1598569340
222,camopi,3.17,-52.32,74.82,95,71,2.17,GF,1598569341
223,deori khas,23.4,79.02,74.07,93,83,10.4,IN,1598569342
224,lithakia,37.72,20.83,73.4,73,0,2.98,GR,1598569343
225,praia,14.92,-23.51,80.6,83,75,4.7,CV,1598569344
226,san cristobal,7.77,-72.22,89.6,46,40,10.29,VE,1598569345
227,bandar-e lengeh,26.56,54.88,89.38,67,1,12.59,IR,1598569347
228,praya,14.92,-23.51,80.6,83,75,4.7,CV,1598569344
229,surgut,61.25,73.42,53.6,100,0,2.24,RU,1598569349
230,misratah,32.38,15.09,77.54,72,0,3.83,LY,1598569350
231,carnarvon,-24.87,113.63,64.4,100,88,5.82,AU,1598569351
232,inhambane,-23.86,35.38,68.31,85,52,7.54,MZ,1598569352
233,monrovia,6.3,-10.8,76.82,84,69,10.11,LR,1598569353
234,gushikawa,26.35,127.87,80.6,88,1,4.7,JP,1598569355
235,saint george,37.1,-113.58,104.0,11,1,16.11,US,1598569206
236,mahibadhoo,3.78,72.97,83.05,73,100,13.29,MV,1598569321
237,hofn,64.25,-15.21,49.12,80,6,3.6,IS,1598569358
238,bahir dar,11.59,37.39,59.49,92,87,5.14,ET,1598569359
239,pevek,69.7,170.31,39.96,87,9,3.49,RU,1598569360
240,iralaya,15.0,-83.23,87.8,70,75,6.93,HN,1598569361
241,torbay,47.67,-52.73,57.99,67,40,12.75,CA,1598569362
242,buchanan,5.88,-10.05,76.55,85,90,9.06,LR,1598569363
243,songjianghe,42.19,127.48,70.68,90,12,6.17,CN,1598569365
244,bella vista,36.43,-94.23,86.0,62,40,17.22,US,1598569163
245,hatillo,18.49,-66.83,82.99,83,43,5.01,PR,1598569367
246,trelew,-43.25,-65.31,57.36,37,0,15.05,AR,1598569368
247,mount gambier,-37.83,140.77,41.0,100,0,5.48,AU,1598569369
248,maceio,-9.67,-35.74,73.4,78,72,4.7,BR,1598569370
249,cascais,38.7,-9.42,71.01,94,2,18.99,PT,1598569371
250,suluq,31.67,20.25,72.55,85,0,8.16,LY,1598569372
251,luderitz,-26.65,15.16,54.41,75,0,14.7,NA,1598569373
252,saldanha,-33.01,17.94,55.4,76,61,2.24,ZA,1598569374
253,cravo norte,6.3,-70.2,80.78,78,42,4.94,CO,1598569376
254,ostroleka,53.09,21.58,60.01,100,75,5.82,PL,1598569377
255,baghmara,23.8,86.21,74.5,91,90,6.02,IN,1598569378
256,mana,5.66,-53.78,79.3,84,64,4.52,GF,1598569379
257,iqaluit,63.75,-68.51,46.4,70,75,12.75,CA,1598569138
258,paris,48.85,2.35,66.99,77,40,9.17,FR,1598569108
259,pueblo nuevo,23.38,-105.38,71.76,90,72,5.12,MX,1598569382
260,namibe,-15.2,12.15,59.07,87,41,10.85,AO,1598569383
261,kaeo,-35.1,173.78,57.99,3,0,5.99,NZ,1598569173
262,illapel,-31.63,-71.17,50.43,76,6,4.18,CL,1598569327
263,nhulunbuy,-12.23,136.77,80.6,57,2,18.34,AU,1598569386
264,palmer,42.16,-72.33,64.99,93,90,4.7,US,1598569388
265,morant bay,17.88,-76.41,87.8,74,20,16.11,JM,1598569389
266,ailigandi,9.23,-78.02,81.05,75,70,5.82,PA,1598569390
267,broome,42.25,-75.83,69.01,93,90,8.05,US,1598569391
268,hasaki,35.73,140.83,84.0,94,40,6.93,JP,1598569392
269,beloha,-25.17,45.05,69.06,87,37,11.81,MG,1598569393
270,rocha,-34.48,-54.33,53.62,87,100,4.54,UY,1598569394
271,buarcos,40.17,-8.88,69.01,94,90,12.75,PT,1598569395
272,leningradskiy,69.38,178.42,38.93,91,100,4.47,RU,1598569396
273,baihar,22.1,80.55,72.66,96,100,7.56,IN,1598569397
274,bar harbor,44.39,-68.2,64.4,45,1,3.36,US,1598569399
275,biltine,14.53,20.92,77.54,73,100,14.03,TD,1598569400
276,hobyo,5.35,48.53,76.19,80,96,26.53,SO,1598569401
277,port lincoln,-34.73,135.87,54.28,82,1,5.55,AU,1598569402
278,vallenar,-28.57,-70.76,58.66,49,0,3.74,CL,1598569403
279,piravam,9.87,76.5,77.0,100,40,2.53,IN,1598569404
280,byron bay,-28.65,153.62,63.0,67,0,5.82,AU,1598569136
281,kyakhta,50.35,106.45,53.92,93,93,4.03,RU,1598569406
282,mecca,21.43,39.83,88.02,21,48,4.7,SA,1598569388
283,ardatov,55.24,43.1,57.74,92,100,2.13,RU,1598569408
284,koslan,63.46,48.9,48.02,90,53,5.39,RU,1598569409
285,kapuskasing,49.42,-82.43,55.4,87,90,3.36,CA,1598569208
286,dubbo,-32.25,148.62,46.4,81,0,3.36,AU,1598569204
287,kindu,-2.95,25.95,71.35,94,40,1.72,CD,1598569413
288,escarcega,18.61,-90.75,89.92,53,75,3.62,MX,1598569414
289,mbanza-ngungu,-5.25,14.87,73.17,78,100,4.36,CD,1598569415
290,mogadishu,2.04,45.34,76.24,83,6,14.27,SO,1598569416
291,cururupu,-1.83,-44.87,75.33,92,48,2.8,BR,1598569417
292,yar-sale,66.83,70.83,53.38,83,44,6.55,RU,1598569418
293,icod de los vinos,28.37,-16.71,86.0,35,0,13.33,ES,1598569419
294,danville,36.59,-79.39,86.0,66,1,6.93,US,1598569153
295,matara,5.95,80.54,78.28,86,100,8.48,LK,1598569421
296,alyangula,-13.85,136.42,75.2,57,27,6.93,AU,1598569422
297,ugoofaaru,5.67,73.0,82.92,74,97,14.25,MV,1598569424
298,kota kinabalu,5.97,116.07,75.2,94,20,4.7,MY,1598569425
299,ishcherskaya,43.72,45.13,62.6,88,13,4.47,RU,1598569426
300,ndjole,-0.18,10.76,74.35,92,100,4.34,GA,1598569427
301,alugan,12.22,125.48,80.46,84,100,4.0,PH,1598569428
302,tursunzoda,38.51,68.23,60.8,72,20,4.47,TJ,1598569429
303,lavrentiya,65.58,-171.0,51.19,71,2,2.28,RU,1598569430
304,boddam,57.47,-1.78,53.01,76,100,5.82,GB,1598569431
305,ukiah,39.15,-123.21,93.2,26,1,6.93,US,1598569258
306,sao joao da barra,-21.64,-41.05,71.33,88,0,8.23,BR,1598569299
307,fort abbas,29.19,72.85,89.85,53,51,10.33,PK,1598569435
308,samarai,-10.62,150.67,77.77,86,100,20.92,PG,1598569436
309,mayor pablo lagerenza,-19.93,-60.77,87.58,30,0,5.1,PY,1598569222
310,erenhot,43.65,111.98,67.21,60,100,10.33,CN,1598569438
311,winfield,37.24,-97.0,91.99,46,1,5.82,US,1598569439
312,bure,10.7,37.07,57.33,96,97,1.7,ET,1598569440
313,porirua,-41.13,174.85,55.0,80,97,17.0,NZ,1598569387
314,yulara,-25.24,130.99,59.0,30,0,8.05,AU,1598569442
315,dikson,73.51,80.55,47.62,83,38,10.25,RU,1598569443
316,nuevo progreso,23.17,-97.95,90.0,55,91,7.0,MX,1598569444
317,kawalu,-7.38,108.21,69.24,91,72,0.65,ID,1598569445
318,nacala,-14.54,40.67,70.88,90,19,0.72,MZ,1598569446
319,lima,-12.04,-77.03,60.8,82,90,6.93,PE,1598569301
320,dingle,11.0,122.67,77.88,83,98,3.74,PH,1598569173
321,pompeia,-22.11,-50.17,68.05,45,0,7.36,BR,1598569190
322,narok,-1.08,35.86,55.27,88,6,3.4,KE,1598569451
323,la ronge,55.1,-105.28,68.0,49,75,6.93,CA,1598569452
324,laksham,23.25,91.14,76.71,93,17,9.55,BD,1598569453
325,omagh,54.6,-7.3,51.55,95,99,4.32,GB,1598569454
326,kloulklubed,7.04,134.26,78.8,88,75,8.37,PW,1598569455
327,mihara,34.4,133.08,77.0,88,20,3.36,JP,1598569456
328,anori,-3.77,-61.64,83.37,59,80,1.48,BR,1598569458
329,slave lake,55.28,-114.77,66.2,48,1,20.8,CA,1598569459
330,santiago,-33.46,-70.65,53.6,66,20,5.82,CL,1598569266
331,ixtapa,20.7,-105.2,88.0,74,75,2.24,MX,1598569461
332,victoria,22.29,114.16,82.99,78,0,3.0,HK,1598569462
333,avera,33.19,-82.53,87.8,70,1,3.36,US,1598569463
334,san policarpo,12.18,125.51,80.96,82,100,4.88,PH,1598569464
335,lebu,-37.62,-73.65,49.42,88,100,10.65,CL,1598569465
336,rosarito,32.33,-117.03,82.4,61,20,13.87,MX,1598569466
337,meulaboh,4.14,96.13,75.96,88,100,3.42,ID,1598569467
338,clinton,42.59,-82.92,90.0,58,75,10.29,US,1598569469
339,toyooka,35.53,134.83,80.6,74,75,6.93,JP,1598569470
340,vaitape,-16.52,-151.75,78.24,77,2,15.52,PF,1598569471
341,bluefields,12.01,-83.76,86.0,74,40,4.7,NI,1598569472
342,lianzhou,24.78,112.38,72.18,74,0,1.45,CN,1598569473
343,grand gaube,-20.01,57.66,68.0,77,70,1.99,MU,1598569474
344,griffith,41.53,-87.42,91.0,49,1,13.87,US,1598569475
345,vestmannaeyjar,63.44,-20.27,51.78,78,20,15.37,IS,1598569384
346,ambon,-3.7,128.18,78.8,88,40,6.93,ID,1598569478
347,douentza,15.0,-2.95,76.93,82,69,18.01,ML,1598569479
348,eyl,7.98,49.82,76.35,74,97,21.65,SO,1598569480
349,sembe,1.65,14.58,71.06,91,100,2.73,CG,1598569481
350,tambopata,-12.73,-69.18,91.4,49,0,3.36,PE,1598569482
351,port hedland,-20.32,118.57,60.8,67,0,8.05,AU,1598569483
352,huntsville,34.73,-86.59,86.0,83,20,3.36,US,1598569294
353,minab,27.15,57.08,89.6,70,0,1.12,IR,1598569485
354,svetlaya,46.54,138.33,63.91,94,100,4.23,RU,1598569486
355,sikasso,10.92,-7.0,74.16,93,100,1.86,ML,1598569488
356,alice springs,-23.7,133.88,59.0,26,0,8.05,AU,1598569209
357,darnah,32.77,22.64,77.14,81,0,19.73,LY,1598569490
358,nizhniy kuranakh,58.84,125.49,49.32,61,0,0.67,RU,1598569491
359,luba,3.46,8.55,78.8,94,75,10.29,GQ,1598569492
360,murmashi,68.82,32.81,41.0,86,40,6.71,RU,1598569493
361,thinadhoo,0.53,72.93,82.87,67,100,6.17,MV,1598569495
362,sergeyevka,53.88,67.42,56.88,85,43,6.51,KZ,1598569496
363,renqiu,38.7,116.09,71.19,82,0,2.04,CN,1598569497
364,babusnica,43.06,22.41,62.6,72,30,2.24,RS,1598569498
365,pouembout,-21.13,164.9,69.57,65,73,4.9,NC,1598569499
366,srednekolymsk,67.45,153.68,47.03,75,97,6.24,RU,1598569500
367,chernihiv,51.0,32.0,58.96,93,20,10.29,UA,1598569501
368,ejura,7.39,-1.36,74.52,82,99,5.1,GH,1598569502
369,maputo,-25.97,32.59,66.0,87,0,7.0,MZ,1598569322
370,amazar,53.86,120.88,51.22,64,26,3.31,RU,1598569505
371,hervey bay,-25.3,152.85,59.0,72,0,8.05,AU,1598569506
372,hope,33.67,-93.59,75.0,71,100,20.0,US,1598569286
373,tuatapere,-46.13,167.68,45.0,72,70,11.01,NZ,1598569508
374,beringovskiy,63.05,179.32,52.52,79,82,9.6,RU,1598569509
375,bilma,18.69,12.92,93.34,31,68,8.3,NE,1598569510
376,qianguo,45.12,124.86,66.49,96,100,7.63,CN,1598569511
377,tigzirt,36.89,4.12,77.54,51,1,6.33,DZ,1598569512
378,chimbote,-9.09,-78.58,63.07,81,27,9.08,PE,1598569470
379,saint-augustin,51.23,-58.65,52.3,84,100,11.83,CA,1598569514
380,luchegorsk,46.48,134.26,69.04,96,100,6.62,RU,1598569516
381,rajo khanani,24.98,68.85,81.46,87,23,7.07,PK,1598569517
382,erzin,36.96,36.2,80.01,83,76,1.52,TR,1598569227
383,alihe,50.57,123.72,54.77,65,100,6.73,CN,1598569519
384,melfort,52.87,-104.62,60.8,72,75,8.05,CA,1598569520
385,remedios,22.49,-79.55,87.8,70,75,11.41,CU,1598569521
386,wajima,37.4,136.9,84.06,75,1,1.7,JP,1598569522
387,belle fourche,44.67,-103.85,88.0,45,1,16.11,US,1598569523
388,provideniya,64.38,-173.3,51.8,81,90,6.71,RU,1598569525
389,arona,28.1,-16.68,89.6,27,0,25.28,ES,1598569526
390,kamaishi,39.27,141.88,82.4,88,75,1.12,JP,1598569527
391,gamba,-2.65,10.0,74.59,87,100,7.99,GA,1598569528
392,harkany,45.85,18.24,68.0,77,30,5.82,HU,1598569529
393,ewa beach,21.32,-158.01,87.8,48,90,8.05,US,1598569345
394,tumaco,1.8,-78.82,75.06,87,100,9.6,CO,1598569531
395,atbasar,51.8,68.33,56.44,84,9,0.4,KZ,1598569532
396,ballina,-28.87,153.57,63.0,67,1,5.82,AU,1598569405
397,yurla,59.33,54.32,52.38,94,58,1.95,RU,1598569534
398,udachnyy,66.42,112.4,50.0,46,40,4.47,RU,1598569535
399,turukhansk,65.82,87.98,49.77,89,31,5.82,RU,1598569537
400,catuday,16.29,119.81,81.18,83,79,10.63,PH,1598569538
401,hithadhoo,-0.6,73.08,81.75,66,100,0.78,MV,1598569539
402,conceicao do araguaia,-8.26,-49.26,84.34,35,15,4.0,BR,1598569540
403,scarborough,54.28,-0.4,53.01,95,100,1.01,GB,1598569541
404,tual,-5.67,132.75,79.68,80,94,23.15,ID,1598569542
405,pacific grove,36.62,-121.92,69.8,60,75,10.29,US,1598569472
406,geraldton,-28.77,114.6,50.0,93,75,9.17,AU,1598569545
407,coihaique,-45.58,-72.07,37.4,88,90,3.36,CL,1598569546
408,mehamn,71.04,27.85,45.19,67,97,22.84,NO,1598569547
409,kaniama,-7.57,24.18,69.78,80,68,2.3,CD,1598569548
410,mlonggo,-6.53,110.7,74.41,81,93,5.55,ID,1598569549
411,bantry,51.68,-9.45,55.4,93,75,9.17,IE,1598569551
412,kapoeta,4.77,33.59,75.72,70,55,3.76,SS,1598569552
413,syracuse,37.09,15.28,79.0,88,2,2.24,IT,1598569553
414,el alto,-4.27,-81.21,63.0,81,19,16.11,PE,1598569554
415,loviisa,60.46,26.23,48.2,93,7,6.93,FI,1598569555
416,les cayes,18.2,-73.75,82.17,80,24,6.17,HT,1598569557
417,laguna,38.42,-121.42,96.01,31,1,4.7,US,1598569558
418,ahipara,-35.17,173.17,57.51,63,18,9.28,NZ,1598569487
419,saint-pierre,-21.34,55.48,68.0,60,0,4.7,RE,1598569560
420,vuktyl,63.86,57.31,54.7,94,100,10.85,RU,1598569561
421,solwezi,-12.17,26.39,68.47,46,86,1.01,ZM,1598569562
422,wajir,1.75,40.06,74.52,68,6,13.78,KE,1598569563
423,oranjemund,-28.55,16.43,52.05,86,0,1.34,NA,1598569564
424,totness,5.88,-56.32,79.36,82,52,5.37,SR,1598569565
425,hyeres,43.12,6.12,75.2,64,0,2.24,FR,1598569567
426,belyy yar,53.6,91.39,53.6,93,100,2.24,RU,1598569568
427,albertville,34.27,-86.21,82.0,83,75,3.36,US,1598569450
428,touros,-5.2,-35.46,75.2,78,19,10.29,BR,1598569570
429,buraydah,26.33,43.98,89.6,24,0,10.29,SA,1598569571
430,sola,-13.88,167.55,80.82,79,5,24.83,VU,1598569572
431,iranshahr,27.2,60.68,90.52,20,5,7.67,IR,1598569573
432,apastepeque,13.67,-88.78,84.2,94,75,5.82,SV,1598569574
433,kaitangata,-46.28,169.85,48.0,64,62,6.4,NZ,1598569575
434,condado,21.88,-79.84,89.6,59,16,11.41,CU,1598569563
435,lishu,43.3,124.33,68.88,96,100,8.16,CN,1598569578
436,horta,38.53,-28.63,74.93,85,95,10.22,PT,1598569579
437,asfi,32.3,-9.24,72.82,75,0,10.8,MA,1598569559
438,salur,18.53,83.22,75.04,76,100,4.21,IN,1598569386
439,san quintin,30.48,-115.95,79.47,59,31,11.77,MX,1598569582
440,codrington,-38.27,141.97,47.57,83,0,8.93,AU,1598569583
441,muhlhausen,51.22,10.45,60.01,70,100,1.99,DE,1598569584
442,varberg,57.11,12.25,53.6,87,85,3.36,SE,1598569585
443,mayo,38.89,-76.51,89.6,62,20,6.93,US,1598569587
444,goma,-1.68,29.22,65.26,67,11,2.62,CD,1598569588
445,santa lucia,27.91,-15.54,87.8,33,0,24.16,ES,1598569589
446,san roque,36.21,-5.38,78.8,65,0,10.29,ES,1598569590
447,cayenne,4.93,-52.33,82.4,78,78,5.82,GF,1598569328
448,gbarnga,7.0,-9.47,71.26,98,87,3.31,LR,1598569592
449,gemena,3.25,19.77,70.54,96,74,1.97,CD,1598569593
450,tete,-16.16,33.59,78.8,61,4,5.82,MZ,1598569594
451,kayes,14.0,-11.0,77.38,89,76,7.43,ML,1598569595
452,kailua,21.4,-157.74,87.8,58,1,12.75,US,1598569596
453,inderka,53.25,46.26,62.22,62,100,4.99,RU,1598569598
454,lake havasu city,34.48,-114.32,113.0,7,1,3.36,US,1598569599
455,lamar,33.67,-95.58,86.0,62,1,14.99,US,1598569600
456,henties bay,-22.12,14.28,53.01,90,3,6.76,NA,1598569601
457,giyani,-23.3,30.72,59.29,85,0,1.7,ZA,1598569602
458,karratha,-20.74,116.85,74.95,37,0,5.1,AU,1598569603
459,jinxiang,22.86,115.7,80.26,82,1,4.56,CN,1598569604
460,vila,42.03,-8.16,68.0,94,75,3.36,PT,1598569605
461,rock springs,41.59,-109.2,87.8,16,1,21.92,US,1598569607
462,diapaga,12.07,1.79,74.37,93,99,5.19,BF,1598569608
463,uruacu,-14.52,-49.14,75.06,18,1,2.62,BR,1598569609
464,mandiana,10.63,-8.68,73.83,94,100,3.18,GN,1598569610
465,filadelfia,39.95,-75.16,91.4,52,40,18.34,US,1598569575
466,port washington,40.83,-73.7,93.2,41,75,17.22,US,1598569613
467,colares,38.8,-9.45,71.01,94,3,18.77,PT,1598569614
468,port keats,-14.25,129.55,74.41,41,1,11.43,AU,1598569615
469,chandler,33.31,-111.84,113.0,14,1,5.82,US,1598569616
470,olinda,-8.01,-34.86,77.0,65,20,14.99,BR,1598569551
471,satipo,-11.25,-74.64,80.64,49,56,1.92,PE,1598569618
472,nishihara,26.18,127.76,82.0,83,75,6.93,JP,1598569619
473,tazovskiy,67.47,78.7,50.02,93,0,6.33,RU,1598569621
474,te anau,-45.42,167.72,43.86,87,99,7.67,NZ,1598569622
475,gobabis,-22.45,18.97,51.62,44,11,2.42,NA,1598569623
476,vila velha,-20.33,-40.29,75.0,88,40,8.05,BR,1598569624
477,changji,44.02,87.32,57.2,93,75,4.47,CN,1598569625
478,luanda,-8.84,13.23,69.8,88,40,8.05,AO,1598569353
479,esperance,-33.87,121.9,51.8,76,0,18.34,AU,1598569628
480,sabha,27.04,14.43,82.36,31,0,12.84,LY,1598569629
481,walvis bay,-22.96,14.51,53.01,81,0,4.7,NA,1598569630
482,doctor arroyo,23.67,-100.18,82.62,35,87,9.46,MX,1598569631
483,veraval,20.9,70.37,80.24,87,97,13.67,IN,1598569632
484,imbituba,-28.24,-48.67,68.0,77,0,12.75,BR,1598569633
485,panama city,8.99,-79.52,84.2,70,20,3.36,PA,1598569522
486,minsk,53.9,27.57,59.0,100,40,6.71,BY,1598569400
487,lasa,46.62,10.7,57.2,87,5,1.66,IT,1598569637
488,kenai,60.55,-151.26,61.0,59,75,12.75,US,1598569638
489,ajdabiya,30.76,20.23,74.16,77,0,9.82,LY,1598569639
490,alvaraes,-3.22,-64.8,75.2,94,40,4.7,BR,1598569640
491,san rafael,-34.62,-68.33,57.47,34,0,2.98,AR,1598569641
492,bethanien,-26.5,17.16,39.61,78,0,1.19,NA,1598569642
493,kavaratti,10.57,72.64,82.45,73,100,9.91,IN,1598569643
494,lokosovo,61.13,74.82,49.24,90,0,4.21,RU,1598569645
495,vardo,70.37,31.11,41.0,86,20,13.87,NO,1598569646
496,shenjiamen,29.96,122.3,80.37,88,98,11.45,CN,1598569647
497,walajapet,12.93,79.38,78.24,82,99,5.08,IN,1598569648
498,sovetskiy,61.36,63.58,55.33,97,23,5.59,RU,1598569649
499,paamiut,61.99,-49.67,43.92,72,100,5.77,GL,1598569384
500,nome,64.5,-165.41,60.8,55,75,8.05,US,1598569651
501,hay river,60.82,-115.8,60.8,82,75,16.11,CA,1598569652
502,okhotsk,59.38,143.3,55.27,67,100,5.12,RU,1598569654
503,vilhena,-12.74,-60.15,86.0,48,88,5.82,BR,1598569655
504,bumba,2.18,22.47,72.86,91,75,2.42,CD,1598569656
505,kysyl-syr,63.9,122.76,52.47,55,5,3.78,RU,1598569657
506,owerri,5.48,7.03,74.59,91,100,5.57,NG,1598569658
507,kargasok,59.06,80.86,47.53,94,46,6.26,RU,1598569659
508,sept-iles,50.2,-66.38,60.01,62,40,14.99,CA,1598569660
509,worland,44.02,-107.96,87.8,25,1,13.87,US,1598569661
510,tanout,14.97,8.89,88.12,43,87,5.7,NE,1598569663
511,san patricio,19.22,-104.7,76.06,93,100,6.73,MX,1598569664
512,oistins,13.07,-59.53,84.2,74,20,14.99,BB,1598569443
513,piacabucu,-10.41,-36.43,72.03,72,16,6.55,BR,1598569666
514,dabola,10.75,-11.12,72.52,91,84,3.33,GN,1598569667
515,namatanai,-3.67,152.43,82.27,75,100,4.27,PG,1598569668
516,shirgaon,19.7,72.7,79.68,84,98,9.15,IN,1598569669
517,saurimo,-9.66,20.39,68.41,78,85,4.54,AO,1598569670
518,ayagoz,47.97,80.44,55.8,67,71,7.14,KZ,1598569671
519,fort-shevchenko,44.51,50.26,75.0,41,0,11.63,KZ,1598569673
520,dwarka,22.24,68.97,81.39,85,100,12.46,IN,1598569674
521,liku,-0.73,119.89,76.46,78,97,3.13,ID,1598569675
522,sao sebastiao,-23.76,-45.41,67.14,86,2,7.52,BR,1598569676
523,hauterive,46.09,3.45,69.8,64,40,4.7,FR,1598569677
524,mashhad,36.3,59.61,60.8,48,0,1.12,IR,1598569678
525,ovalle,-30.6,-71.2,55.83,63,0,4.05,CL,1598569679
526,santa cruz,-17.8,-63.17,82.4,54,0,13.87,BO,1598569556
527,cidreira,-30.18,-50.21,63.43,78,29,6.53,BR,1598569681
528,mitsamiouli,-11.38,43.28,75.45,78,47,2.71,KM,1598569682
529,salym,60.06,71.48,51.98,91,92,4.76,RU,1598569684
530,altay,47.87,88.12,54.12,51,100,2.64,CN,1598569504
531,luwuk,-0.95,122.79,78.39,74,78,6.22,ID,1598569686
532,seymchan,62.88,152.43,48.88,61,96,8.21,RU,1598569687
533,kotido,2.98,34.13,71.19,63,70,2.01,UG,1598569688
534,isangel,-19.55,169.27,78.8,78,75,9.17,VU,1598569689
535,trincomalee,8.57,81.23,80.38,75,54,16.84,LK,1598569690
536,northam,51.03,-4.22,57.99,94,25,5.99,GB,1598569692
537,izazi,-7.2,35.73,65.7,64,37,2.48,TZ,1598569693
538,parabel,58.7,81.48,47.37,92,30,5.23,RU,1598569694
539,ust-tsilma,65.44,52.15,47.19,94,42,6.38,RU,1598569695
540,skjervoy,70.03,20.97,47.62,68,97,24.09,NO,1598569696
541,daru,-9.08,143.21,77.95,82,91,20.4,PG,1598569697
542,andenes,69.31,16.12,46.4,81,84,9.17,NO,1598569698
543,katsuura,35.13,140.3,88.0,75,0,1.99,JP,1598569699
544,palana,59.12,159.97,50.05,67,72,4.74,RU,1598569700
545,bereda,43.27,-7.54,66.0,100,57,5.01,ES,1598569701
546,lincoln,40.8,-96.67,96.01,41,1,12.75,US,1598569562
547,skegness,53.14,0.34,57.0,100,75,6.93,GB,1598569704
548,nuqui,5.71,-77.27,77.86,76,53,7.29,CO,1598569705
549,nizhnevartovsk,60.93,76.55,51.8,93,0,4.47,RU,1598569706
550,mus,39.0,41.75,63.23,30,2,2.48,TR,1598569707
551,pangody,65.85,74.49,58.14,69,70,5.66,RU,1598569708
552,baijiantan,45.63,85.18,68.61,41,97,9.31,CN,1598569709
553,paraiso,9.84,-83.87,71.6,100,90,9.17,CR,1598569710
554,gigmoto,13.78,124.39,82.69,74,100,0.63,PH,1598569711
555,sisimiut,66.94,-53.67,48.92,69,100,6.46,GL,1598569712
556,galesong,-5.32,119.37,77.0,69,20,2.24,ID,1598569714
557,matay,28.42,30.78,76.55,66,0,13.04,EG,1598569715
558,prince albert,53.2,-105.77,55.4,100,75,12.75,CA,1598569716
559,eureka,40.8,-124.16,63.0,93,75,6.93,US,1598569717
560,weleri,-6.97,110.07,68.0,65,25,3.36,ID,1598569718
561,tocopilla,-22.09,-70.2,64.27,63,18,12.93,CL,1598569719
562,fairbanks,64.84,-147.72,64.0,55,75,3.42,US,1598569657
563,omsukchan,62.53,155.8,42.71,72,96,7.25,RU,1598569721
564,baykit,61.67,96.37,53.29,88,96,1.43,RU,1598569722
565,saint-francois,46.42,3.91,66.2,59,25,5.82,FR,1598569723
566,lazaro cardenas,17.96,-102.2,75.76,88,100,4.79,MX,1598569724
567,kudahuvadhoo,2.67,72.89,83.03,71,99,12.03,MV,1598569725
568,hauknes,66.28,14.07,33.8,89,13,2.24,NO,1598569726
569,amapa,1.0,-52.0,78.44,70,97,3.33,BR,1598569728
570,vanavara,60.34,102.28,54.5,74,100,1.81,RU,1598569729
571,kirakira,-10.45,161.92,83.66,75,55,16.31,SB,1598569730
572,talara,-4.58,-81.27,63.05,84,3,15.21,PE,1598569731
573,bonavista,48.65,-53.11,57.0,78,11,1.99,CA,1598569732
574,diamantino,-14.41,-56.45,85.23,36,20,2.89,BR,1598569733
